[
  {
    "name": "Debbie",
    "message": "Great service! Would recommend to friends!"
  }, 
  {
    "name": "Anne",
    "message": "Really high quality prints!"
  }, 
  {
    "name": "Oscar",
    "message": "Declared their greatness, exhibited greatness."
  }, 
  {
    "name": "Joey",
    "message": "5 stars! Thanks for the great photos!"
  }, 
  {
    "name": "Mary",
    "message": "Made a stressful event much easier! Absolute professionals!"
  }, 
  {
    "name": "Alice",
    "message": "Wonderful! Exactly as I imagined they would turn out!"
  }, 
  {
    "name": "Jack & Jill",
    "message": "So happy with how the photos turned out! Thanks for capturing the memories of our day!"
  }, 
  {
    "name": "Nick",
    "message": "Perfectly captured the mood of our gig. Top notch."
  }, 
  {
    "name": "Tony",
    "message": "Captured our Cup final win! Great stuff!"
  }
]